"_id","startDate","endDate"
"61069bb88acaf93c3051ab9b",,
"61069bb88acaf93c3051ab9c",,
"61069bb88acaf93c3051ab9d",,
"61069bb88acaf93c3051ab9e",,
"61069bb88acaf93c3051ab9f",,
"61069bb88acaf93c3051aba0",,
"61069bb88acaf93c3051aba1",,
"61069bb88acaf93c3051aba2",,
"61069bb88acaf93c3051aba3",,
"6106a15edbba7a04d0a83adc",,
"6106a15edbba7a04d0a83add",,
"6106a15edbba7a04d0a83ade",,
"6106a15edbba7a04d0a83adf",,
"6106a15edbba7a04d0a83ae0",,
"6106a15edbba7a04d0a83ae1",,
"6106a15edbba7a04d0a83ae2",,
"6106a15edbba7a04d0a83ae3",,
"6106a15edbba7a04d0a83ae4",,
"6106a18ff8562a31ac7a3cdb",,
"6106a18ff8562a31ac7a3cdc",,
"6106a18ff8562a31ac7a3cdd",,
"6106a18ff8562a31ac7a3cde",,
"6106a18ff8562a31ac7a3cdf",,
"6106a18ff8562a31ac7a3ce0",,
"6106a18ff8562a31ac7a3ce1",,
"6106a18ff8562a31ac7a3ce2",,
"6106a18ff8562a31ac7a3ce3",,
"6106a1e42d36226730d2d23e",,
"6106a1e42d36226730d2d23f",,
"6106a1e42d36226730d2d240",,
"6106a1e42d36226730d2d241",,
"6106a1e42d36226730d2d242",,
"6106a1e42d36226730d2d243",,
"6106a1e42d36226730d2d244",,
"6106a1e42d36226730d2d245",,
"6106a1e42d36226730d2d246",,
"6106a29bce72fe698c9a7d42",,
"6106a29bce72fe698c9a7d43",,
"6106a29bce72fe698c9a7d44",,
"6106a29bce72fe698c9a7d45",,
"6106a29bce72fe698c9a7d46",,
"6106a29bce72fe698c9a7d47",,
"6106a29bce72fe698c9a7d48",,
"6106a29bce72fe698c9a7d49",,
"6106a29bce72fe698c9a7d4a",,
"6106a2ebb193ac3928d1d05e",,
"6106a2ebb193ac3928d1d05f",,
"6106a2ebb193ac3928d1d060",,
"6106a2ebb193ac3928d1d061",,
"6106a2ebb193ac3928d1d062",,
"6106a2ebb193ac3928d1d063",,
"6106a2ebb193ac3928d1d064",,
"6106a2ebb193ac3928d1d065",,
"6106a2ebb193ac3928d1d066",,
"6106a3f872f00b58f0337b62",,
"6106a3f872f00b58f0337b63",,
"6106a3f872f00b58f0337b64",,
"6106a3f872f00b58f0337b65",,
"6106a3f872f00b58f0337b66",,
"6106a3f872f00b58f0337b67",,
"6106a3f872f00b58f0337b68",,
"6106a3f872f00b58f0337b69",,
"6106a3f872f00b58f0337b6a",,
"6106a72ac8c15b4cbc45e726",,
"6106a72ac8c15b4cbc45e727",,
"6106a72ac8c15b4cbc45e728",,
"6106a72ac8c15b4cbc45e729",,
"6106a72ac8c15b4cbc45e72a",,
"6106a72ac8c15b4cbc45e72b",,
"6106a72ac8c15b4cbc45e72c",,
"6106a72ac8c15b4cbc45e72d",,
"6106a72ac8c15b4cbc45e72e",,
"6106ad68cf5c374ac413f3b4",,
"6106ad68cf5c374ac413f3b5",,
"6106ad68cf5c374ac413f3b6",,
"6106ad68cf5c374ac413f3b7",,
"6106ad68cf5c374ac413f3b8",,
"6106ad68cf5c374ac413f3b9",,
"6106ad68cf5c374ac413f3ba",,
"6106ad68cf5c374ac413f3bb",,
"6106ad68cf5c374ac413f3bc",,
"6107bcd852b4487108cbce25",,
"6107bcd852b4487108cbce26",,
"6107bcd852b4487108cbce27",,
"6107bcd852b4487108cbce28",,
"6107bcd852b4487108cbce29",,
"6107bcd852b4487108cbce2a",,
"6107bcd852b4487108cbce2b",,
"6107bcd852b4487108cbce2c",,
"6107bcd852b4487108cbce2d",,